<?xml version="1.0" encoding="UTF-8"?>
<categories>
<categoryName>
<Events>OpenBrowser</Events>
<Objects>NA</Objects>
<TestData>Firefox</TestData>
<Result>NA</Result>
</categoryName>
<categoryName>
<Events>GetUrl</Events>
<Objects>NA</Objects>
<TestData>http://www.google.com</TestData>
<Result>NA</Result>
</categoryName>
<categoryName>
<Events>Click</Events>
<Objects>Search_Gmail</Objects>
<TestData>NA</TestData>
<Result>NA</Result>
</categoryName>
<categoryName>
<Events>CloseBrowser</Events>
<Objects></Objects>
<TestData></TestData>
<Result></Result>
</categoryName>
</categories>
