<?xml version="1.0" encoding="UTF-8"?>
<categories>
<categoryName>
<Events>OpenBrowser</Events>
<Objects>NA</Objects>
<TestData>Chrome</TestData>
<Result>NA</Result>
</categoryName>
<categoryName>
<Events>GetUrl</Events>
<Objects>NA</Objects>
<TestData>http://www.google.com</TestData>
<Result>NA</Result>
</categoryName>
<categoryName>
<Events>EnterText</Events>
<Objects>UserName Xpath</Objects>
<TestData>NA</TestData>
<Result>NA</Result>
</categoryName>
<categoryName>
<Events>EnterText</Events>
<Objects>Password Xpath</Objects>
<TestData>NA</TestData>
<Result>NA</Result>
</categoryName>
<categoryName>
<Events>Click</Events>
<Objects>Login ID</Objects>
<TestData>NA</TestData>
<Result>NA</Result>
</categoryName>
</categories>
