<?xml version="1.0" encoding="UTF-8"?>
<categories>
<categoryName>
<TESTCASE_NAME>TC1</TESTCASE_NAME>
<RUN></RUN>
</categoryName>
<categoryName>
<TESTCASE_NAME>TC2</TESTCASE_NAME>
<RUN></RUN>
</categoryName>
<categoryName>
<TESTCASE_NAME>TC3</TESTCASE_NAME>
<RUN>Y</RUN>
</categoryName>
<categoryName>
<TESTCASE_NAME>TC4</TESTCASE_NAME>
<RUN></RUN>
</categoryName>
<categoryName>
<TESTCASE_NAME>TC5</TESTCASE_NAME>
<RUN></RUN>
</categoryName>
<categoryName>
<TESTCASE_NAME></TESTCASE_NAME>
<RUN></RUN>
</categoryName>
<categoryName>
<TESTCASE_NAME></TESTCASE_NAME>
<RUN></RUN>
</categoryName>
<categoryName>
<TESTCASE_NAME></TESTCASE_NAME>
<RUN></RUN>
</categoryName>
</categories>
